{
  "dataset": {
    "total": 10415,
    "label_distribution": {
      "neutral": 8958,
      "toxic": 1407,
      "spam": 50
    }
  },
  "heads": {
    "sentiment": {
      "train": {
        "accuracy": 0.9366298607777245,
        "macro_f1": 0.8846219089590424,
        "roc_auc_macro": null,
        "classification_report": {
          "negative": {
            "precision": 0.6854838709677419,
            "recall": 0.9813499111900533,
            "f1-score": 0.8071585098612125,
            "support": 1126.0
          },
          "neutral": {
            "precision": 0.996875,
            "recall": 0.9296419650291424,
            "f1-score": 0.9620853080568721,
            "support": 7206.0
          },
          "accuracy": 0.9366298607777245,
          "macro avg": {
            "precision": 0.8411794354838709,
            "recall": 0.9554959381095979,
            "f1-score": 0.8846219089590424,
            "support": 8332.0
          },
          "weighted avg": {
            "precision": 0.9547930975407678,
            "recall": 0.9366298607777245,
            "f1-score": 0.9411482491552503,
            "support": 8332.0
          }
        },
        "confusion_matrix": [
          [
            1105,
            21
          ],
          [
            507,
            6699
          ]
        ]
      },
      "validation": {
        "accuracy": 0.8549471661863592,
        "macro_f1": 0.7204981534396521,
        "roc_auc_macro": null,
        "classification_report": {
          "negative": {
            "precision": 0.4692737430167598,
            "recall": 0.6,
            "f1-score": 0.5266457680250783,
            "support": 140.0
          },
          "neutral": {
            "precision": 0.9350348027842227,
            "recall": 0.8945615982241953,
            "f1-score": 0.9143505388542258,
            "support": 901.0
          },
          "accuracy": 0.8549471661863592,
          "macro avg": {
            "precision": 0.7021542729004913,
            "recall": 0.7472807991120977,
            "f1-score": 0.7204981534396521,
            "support": 1041.0
          },
          "weighted avg": {
            "precision": 0.8723964277914803,
            "recall": 0.8549471661863592,
            "f1-score": 0.8622096474843116,
            "support": 1041.0
          }
        },
        "confusion_matrix": [
          [
            84,
            56
          ],
          [
            95,
            806
          ]
        ]
      },
      "test": {
        "accuracy": 0.8646833013435701,
        "macro_f1": 0.7562427518378602,
        "roc_auc_macro": null,
        "classification_report": {
          "negative": {
            "precision": 0.5,
            "recall": 0.7304964539007093,
            "f1-score": 0.5936599423631124,
            "support": 141.0
          },
          "neutral": {
            "precision": 0.9545454545454546,
            "recall": 0.8856825749167592,
            "f1-score": 0.918825561312608,
            "support": 901.0
          },
          "accuracy": 0.8646833013435701,
          "macro avg": {
            "precision": 0.7272727272727273,
            "recall": 0.8080895144087342,
            "f1-score": 0.7562427518378602,
            "support": 1042.0
          },
          "weighted avg": {
            "precision": 0.8930378642470773,
            "recall": 0.8646833013435701,
            "f1-score": 0.8748252232397875,
            "support": 1042.0
          }
        },
        "confusion_matrix": [
          [
            103,
            38
          ],
          [
            103,
            798
          ]
        ]
      },
      "classes": [
        "negative",
        "neutral"
      ]
    },
    "toxicity": {
      "train": {
        "accuracy": 0.9366298607777245,
        "macro_f1": 0.8846219089590424,
        "roc_auc_macro": null,
        "classification_report": {
          "non_toxic": {
            "precision": 0.996875,
            "recall": 0.9296419650291424,
            "f1-score": 0.9620853080568721,
            "support": 7206.0
          },
          "toxic": {
            "precision": 0.6854838709677419,
            "recall": 0.9813499111900533,
            "f1-score": 0.8071585098612125,
            "support": 1126.0
          },
          "accuracy": 0.9366298607777245,
          "macro avg": {
            "precision": 0.8411794354838709,
            "recall": 0.9554959381095979,
            "f1-score": 0.8846219089590424,
            "support": 8332.0
          },
          "weighted avg": {
            "precision": 0.9547930975407678,
            "recall": 0.9366298607777245,
            "f1-score": 0.9411482491552503,
            "support": 8332.0
          }
        },
        "confusion_matrix": [
          [
            6699,
            507
          ],
          [
            21,
            1105
          ]
        ]
      },
      "validation": {
        "accuracy": 0.8549471661863592,
        "macro_f1": 0.7204981534396521,
        "roc_auc_macro": null,
        "classification_report": {
          "non_toxic": {
            "precision": 0.9350348027842227,
            "recall": 0.8945615982241953,
            "f1-score": 0.9143505388542258,
            "support": 901.0
          },
          "toxic": {
            "precision": 0.4692737430167598,
            "recall": 0.6,
            "f1-score": 0.5266457680250783,
            "support": 140.0
          },
          "accuracy": 0.8549471661863592,
          "macro avg": {
            "precision": 0.7021542729004913,
            "recall": 0.7472807991120977,
            "f1-score": 0.7204981534396521,
            "support": 1041.0
          },
          "weighted avg": {
            "precision": 0.8723964277914803,
            "recall": 0.8549471661863592,
            "f1-score": 0.8622096474843116,
            "support": 1041.0
          }
        },
        "confusion_matrix": [
          [
            806,
            95
          ],
          [
            56,
            84
          ]
        ]
      },
      "test": {
        "accuracy": 0.8646833013435701,
        "macro_f1": 0.7562427518378602,
        "roc_auc_macro": null,
        "classification_report": {
          "non_toxic": {
            "precision": 0.9545454545454546,
            "recall": 0.8856825749167592,
            "f1-score": 0.918825561312608,
            "support": 901.0
          },
          "toxic": {
            "precision": 0.5,
            "recall": 0.7304964539007093,
            "f1-score": 0.5936599423631124,
            "support": 141.0
          },
          "accuracy": 0.8646833013435701,
          "macro avg": {
            "precision": 0.7272727272727273,
            "recall": 0.8080895144087342,
            "f1-score": 0.7562427518378602,
            "support": 1042.0
          },
          "weighted avg": {
            "precision": 0.8930378642470773,
            "recall": 0.8646833013435701,
            "f1-score": 0.8748252232397875,
            "support": 1042.0
          }
        },
        "confusion_matrix": [
          [
            798,
            103
          ],
          [
            38,
            103
          ]
        ]
      },
      "classes": [
        "non_toxic",
        "toxic"
      ]
    },
    "spam": {
      "train": {
        "accuracy": 1.0,
        "macro_f1": 1.0,
        "roc_auc_macro": null,
        "classification_report": {
          "not_spam": {
            "precision": 1.0,
            "recall": 1.0,
            "f1-score": 1.0,
            "support": 8292.0
          },
          "spam": {
            "precision": 1.0,
            "recall": 1.0,
            "f1-score": 1.0,
            "support": 40.0
          },
          "accuracy": 1.0,
          "macro avg": {
            "precision": 1.0,
            "recall": 1.0,
            "f1-score": 1.0,
            "support": 8332.0
          },
          "weighted avg": {
            "precision": 1.0,